drug_key,cohort_origin,in_NCT04809974,in_NCT04880161
abacavir,NCT04809974,TRUE,FALSE
abemaciclib,Both,TRUE,TRUE
abiraterone,Both,TRUE,TRUE
acalabrutinib,Both,TRUE,TRUE
acamprosate,Both,TRUE,TRUE
acarbose,Both,TRUE,TRUE
acemetacin,Both,TRUE,TRUE
acenocoumarol,NCT04880161,FALSE,TRUE
acetaminophen,Both,TRUE,TRUE
acetohexamide,NCT04809974,TRUE,FALSE
acetophenazine,NCT04809974,TRUE,FALSE
acetylcholine,Both,TRUE,TRUE
acetylcysteine,Both,TRUE,TRUE
acetylsalicylic_acid,Both,TRUE,TRUE
acrivastine,Both,TRUE,TRUE
acyclovir,NCT04809974,TRUE,FALSE
adapalene,Both,TRUE,TRUE
adefovir_dipivoxil,Both,TRUE,TRUE
adenosine,Both,TRUE,TRUE
adenosine_phosphate,NCT04809974,TRUE,FALSE
afatinib,Both,TRUE,TRUE
albendazole,NCT04809974,TRUE,FALSE
alclofenac,NCT04809974,TRUE,FALSE
alcuronium,NCT04809974,TRUE,FALSE
alectinib,Both,TRUE,TRUE
alendronic_acid,Both,TRUE,TRUE
allopurinol,Both,TRUE,TRUE
alogliptin,Both,TRUE,TRUE
alpelisib,Both,TRUE,TRUE
alprazolam,Both,TRUE,TRUE
altretamine,NCT04809974,TRUE,FALSE
ambenonium,Both,TRUE,TRUE
ambrisentan,Both,TRUE,TRUE
amcinonide,NCT04809974,TRUE,FALSE
amdinocillin,NCT04809974,TRUE,FALSE
amifostine,NCT04880161,FALSE,TRUE
amikacin,NCT04809974,TRUE,FALSE
amineptine,NCT04809974,TRUE,FALSE
aminobenzoic_acid,Both,TRUE,TRUE
aminoglutethimide,NCT04880161,FALSE,TRUE
aminolevulinic_acid,NCT04880161,FALSE,TRUE
aminophenazone,Both,TRUE,TRUE
aminosalicylic_acid,Both,TRUE,TRUE
amiodarone,Both,TRUE,TRUE
amisulpride,NCT04809974,TRUE,FALSE
amlexanox,Both,TRUE,TRUE
amlodipine,NCT04880161,FALSE,TRUE
amorolfine,Both,TRUE,TRUE
amoxapine,Both,TRUE,TRUE
amphetamine,NCT04809974,TRUE,FALSE
amphotericin_b,NCT04809974,TRUE,FALSE
amprenavir,NCT04880161,FALSE,TRUE
amrinone,Both,TRUE,TRUE
amsacrine,NCT04880161,FALSE,TRUE
anagrelide,Both,TRUE,TRUE
anastrozole,NCT04880161,FALSE,TRUE
anisindione,NCT04809974,TRUE,FALSE
anthralin,Both,TRUE,TRUE
antipyrine,NCT04809974,TRUE,FALSE
apixaban,Both,TRUE,TRUE
apremilast,Both,TRUE,TRUE
arformoterol,Both,TRUE,TRUE
aripiprazole,NCT04809974,TRUE,FALSE
aripiprazole_lauroxi,Both,TRUE,TRUE
arsenic_trioxide,Both,TRUE,TRUE
artenimol,NCT04809974,TRUE,FALSE
artesunate,NCT04809974,TRUE,FALSE
articaine,Both,TRUE,TRUE
ascorbic_acid,Both,TRUE,TRUE
asenapine,NCT04809974,TRUE,FALSE
astemizole,Both,TRUE,TRUE
ataluren,Both,TRUE,TRUE
atazanavir,NCT04809974,TRUE,FALSE
atomoxetine,Both,TRUE,TRUE
atorvastatin,NCT04880161,FALSE,TRUE
atp,Both,TRUE,TRUE
atropine,Both,TRUE,TRUE
auranofin,NCT04809974,TRUE,FALSE
aurothioglucose,NCT04809974,TRUE,FALSE
avatrombopag,Both,TRUE,TRUE
avibactam,Both,TRUE,TRUE
axitinib,Both,TRUE,TRUE
azacitidine,Both,TRUE,TRUE
azapropazone,Both,TRUE,TRUE
azatadine,Both,TRUE,TRUE
azelaic_acid,Both,TRUE,TRUE
azelastine,Both,TRUE,TRUE
azilsartan_medoxomil,NCT04880161,FALSE,TRUE
azlocillin,NCT04809974,TRUE,FALSE
aztreonam,NCT04880161,FALSE,TRUE
bacampicillin,NCT04809974,TRUE,FALSE
bacitracin,Both,TRUE,TRUE
balsalazide,Both,TRUE,TRUE
baricitinib,Both,TRUE,TRUE
bazedoxifene,Both,TRUE,TRUE
bedaquiline,Both,TRUE,TRUE
belinostat,Both,TRUE,TRUE
bendamustine,NCT04880161,FALSE,TRUE
bendazac,NCT04880161,FALSE,TRUE
bendroflumethiazide,NCT04809974,TRUE,FALSE
benfluorex,Both,TRUE,TRUE
benoxaprofen,Both,TRUE,TRUE
benperidol,Both,TRUE,TRUE
bentiromide,NCT04880161,FALSE,TRUE
benzatropine,Both,TRUE,TRUE
benzbromarone,Both,TRUE,TRUE
benzethonium,Both,TRUE,TRUE
benziodarone,NCT04809974,TRUE,FALSE
benzocaine,Both,TRUE,TRUE
benzonatate,NCT04809974,TRUE,FALSE
benzoyl_peroxide,Both,TRUE,TRUE
benzphetamine,NCT04880161,FALSE,TRUE
benzquinamide,NCT04809974,TRUE,FALSE
benzthiazide,Both,TRUE,TRUE
benzydamine,Both,TRUE,TRUE
benzyl_benzoate,NCT04809974,TRUE,FALSE
benzylpenicillin,Both,TRUE,TRUE
bepridil,Both,TRUE,TRUE
beta_carotene,Both,TRUE,TRUE
beta_sitosterol,NCT04809974,TRUE,FALSE
betahistine,Both,TRUE,TRUE
betazole,NCT04880161,FALSE,TRUE
bethanechol,Both,TRUE,TRUE
bethanidine,NCT04880161,FALSE,TRUE
bexarotene,NCT04880161,FALSE,TRUE
bicalutamide,NCT04880161,FALSE,TRUE
bifonazole,Both,TRUE,TRUE
bimatoprost,NCT04880161,FALSE,TRUE
binimetinib,Both,TRUE,TRUE
biotin,NCT04880161,FALSE,TRUE
bisacodyl,Both,TRUE,TRUE
bisindolylmaleimide_,NCT04880161,FALSE,TRUE
bithionol,Both,TRUE,TRUE
bivalirudin,NCT04880161,FALSE,TRUE
boceprevir,Both,TRUE,TRUE
bortezomib,Both,TRUE,TRUE
bosentan,Both,TRUE,TRUE
bosutinib,Both,TRUE,TRUE
bretylium,NCT04809974,TRUE,FALSE
brexpiprazole,NCT04880161,FALSE,TRUE
brigatinib,Both,TRUE,TRUE
bromfenac,Both,TRUE,TRUE
bromperidol,Both,TRUE,TRUE
buclizine,Both,TRUE,TRUE
bufexamac,Both,TRUE,TRUE
buflomedil,Both,TRUE,TRUE
buformin,NCT04809974,TRUE,FALSE
bumetanide,NCT04809974,TRUE,FALSE
bupivacaine,NCT04880161,FALSE,TRUE
bupropion,NCT04880161,FALSE,TRUE
buserelin,NCT04880161,FALSE,TRUE
busulfan,NCT04880161,FALSE,TRUE
butabarbital,NCT04809974,TRUE,FALSE
butamben,Both,TRUE,TRUE
butenafine,Both,TRUE,TRUE
butoconazole,Both,TRUE,TRUE
butylscopolamine,NCT04809974,TRUE,FALSE
cabozantinib,Both,TRUE,TRUE
calcipotriol,Both,TRUE,TRUE
calcitriol,NCT04809974,TRUE,FALSE
canagliflozin,Both,TRUE,TRUE
canrenone,NCT04809974,TRUE,FALSE
capecitabine,NCT04880161,FALSE,TRUE
capivasertib,Both,TRUE,TRUE
capmatinib,Both,TRUE,TRUE
capsaicin,Both,TRUE,TRUE
captopril,Both,TRUE,TRUE
carbamazepine,NCT04880161,FALSE,TRUE
carbenicillin,NCT04880161,FALSE,TRUE
carbenoxolone,NCT04880161,FALSE,TRUE
carbimazole,NCT04809974,TRUE,FALSE
carbinoxamine,Both,TRUE,TRUE
carboplatin,Both,TRUE,TRUE
carfilzomib,Both,TRUE,TRUE
carglumic_acid,Both,TRUE,TRUE
cariprazine,NCT04880161,FALSE,TRUE
carisoprodol,Both,TRUE,TRUE
carmustine,NCT04880161,FALSE,TRUE
caspofungin,NCT04880161,FALSE,TRUE
cefaclor,NCT04809974,TRUE,FALSE
cefadroxil,Both,TRUE,TRUE
cefalotin,Both,TRUE,TRUE
cefamandole,Both,TRUE,TRUE
cefapirin,NCT04809974,TRUE,FALSE
cefazolin,NCT04809974,TRUE,FALSE
cefdinir,Both,TRUE,TRUE
cefixime,NCT04880161,FALSE,TRUE
cefmenoxime,NCT04880161,FALSE,TRUE
cefodizime,Both,TRUE,TRUE
cefonicid,NCT04809974,TRUE,FALSE
cefoperazone,NCT04809974,TRUE,FALSE
ceforanide,Both,TRUE,TRUE
cefotaxime,NCT04880161,FALSE,TRUE
cefotetan,NCT04809974,TRUE,FALSE
cefotiam,NCT04880161,FALSE,TRUE
cefoxitin,NCT04809974,TRUE,FALSE
cefpiramide,Both,TRUE,TRUE
cefradine,NCT04880161,FALSE,TRUE
cefsulodin,Both,TRUE,TRUE
ceftibuten,NCT04809974,TRUE,FALSE
ceftizoxime,Both,TRUE,TRUE
cefuroxime,NCT04880161,FALSE,TRUE
celecoxib,NCT04880161,FALSE,TRUE
celiprolol,Both,TRUE,TRUE
cephalexin,NCT04809974,TRUE,FALSE
cephaloglycin,Both,TRUE,TRUE
ceritinib,Both,TRUE,TRUE
cetylpyridinium,Both,TRUE,TRUE
chloramphenicol,Both,TRUE,TRUE
chlordiazepoxide,Both,TRUE,TRUE
chlorhexidine,Both,TRUE,TRUE
chlormadinone_acetat,NCT04809974,TRUE,FALSE
chlormezanone,Both,TRUE,TRUE
chlorobutanol,Both,TRUE,TRUE
chloroprocaine,Both,TRUE,TRUE
chlorothiazide,NCT04809974,TRUE,FALSE
chloroxine,NCT04880161,FALSE,TRUE
chloroxylenol,Both,TRUE,TRUE
chlorphentermine,NCT04809974,TRUE,FALSE
chlorpropamide,Both,TRUE,TRUE
chlorzoxazone,NCT04809974,TRUE,FALSE
cholecalciferol,Both,TRUE,TRUE
ci_1040,Both,TRUE,TRUE
ciclesonide,Both,TRUE,TRUE
ciclopirox,Both,TRUE,TRUE
cilostazol,Both,TRUE,TRUE
cinacalcet,NCT04809974,TRUE,FALSE
cinchocaine,NCT04809974,TRUE,FALSE
cinnarizine,Both,TRUE,TRUE
cinoxacin,NCT04880161,FALSE,TRUE
ciprofloxacin,Both,TRUE,TRUE
cisapride,Both,TRUE,TRUE
cisplatin,NCT04880161,FALSE,TRUE
clarithromycin,NCT04809974,TRUE,FALSE
clebopride,Both,TRUE,TRUE
clemastine,NCT04809974,TRUE,FALSE
clidinium,NCT04809974,TRUE,FALSE
clindamycin,Both,TRUE,TRUE
clioquinol,NCT04809974,TRUE,FALSE
clobazam,NCT04880161,FALSE,TRUE
clobetasol_propionat,NCT04809974,TRUE,FALSE
clobutinol,NCT04809974,TRUE,FALSE
clofarabine,Both,TRUE,TRUE
clofazimine,Both,TRUE,TRUE
clofibrate,NCT04809974,TRUE,FALSE
clonazepam,NCT04809974,TRUE,FALSE
clonidine,NCT04809974,TRUE,FALSE
clopidogrel,NCT04880161,FALSE,TRUE
clothiapine,Both,TRUE,TRUE
clotrimazole,Both,TRUE,TRUE
cloxacillin,NCT04880161,FALSE,TRUE
cobalt_chloride,Both,TRUE,TRUE
cobimetinib,Both,TRUE,TRUE
cocaine,NCT04880161,FALSE,TRUE
codeine,NCT04809974,TRUE,FALSE
coenzyme_m,NCT04880161,FALSE,TRUE
colistin,NCT04809974,TRUE,FALSE
copanlisib,Both,TRUE,TRUE
copper,Both,TRUE,TRUE
cortisone_acetate,NCT04809974,TRUE,FALSE
crizotinib,Both,TRUE,TRUE
cyclacillin,Both,TRUE,TRUE
cyclandelate,NCT04809974,TRUE,FALSE
cyclizine,Both,TRUE,TRUE
cyclofenil,NCT04809974,TRUE,FALSE
cyclopenthiazide,NCT04809974,TRUE,FALSE
cyclophosphamide,NCT04880161,FALSE,TRUE
cycloserine,NCT04809974,TRUE,FALSE
cyclothiazide,Both,TRUE,TRUE
cysteine,Both,TRUE,TRUE
cytarabine,Both,TRUE,TRUE
dabigatran_etexilate,Both,TRUE,TRUE
dabrafenib,Both,TRUE,TRUE
dacarbazine,NCT04880161,FALSE,TRUE
daclatasvir,NCT04809974,TRUE,FALSE
dacomitinib,Both,TRUE,TRUE
dactinomycin,NCT04880161,FALSE,TRUE
dalfampridine,NCT04880161,FALSE,TRUE
dantron,NCT04809974,TRUE,FALSE
dapagliflozin,Both,TRUE,TRUE
dapiprazole,Both,TRUE,TRUE
dapsone,Both,TRUE,TRUE
darifenacin,NCT04809974,TRUE,FALSE
darunavir,NCT04809974,TRUE,FALSE
dasatinib,Both,TRUE,TRUE
daunorubicin,NCT04880161,FALSE,TRUE
debrisoquine,NCT04880161,FALSE,TRUE
decitabine,Both,TRUE,TRUE
deferiprone,Both,TRUE,TRUE
deflazacort,NCT04809974,TRUE,FALSE
degarelix,Both,TRUE,TRUE
delafloxacin,NCT04880161,FALSE,TRUE
delamanid,NCT04809974,TRUE,FALSE
delavirdine,NCT04809974,TRUE,FALSE
deoxycholic_acid,NCT04880161,FALSE,TRUE
dequalinium,Both,TRUE,TRUE
deserpidine,NCT04880161,FALSE,TRUE
deslanoside,NCT04809974,TRUE,FALSE
desmopressin,NCT04880161,FALSE,TRUE
desvenlafaxine,Both,TRUE,TRUE
dexamethasone_acetat,NCT04809974,TRUE,FALSE
dexketoprofen,Both,TRUE,TRUE
dexpanthenol,Both,TRUE,TRUE
dexrazoxane,Both,TRUE,TRUE
dextroamphetamine,NCT04809974,TRUE,FALSE
dibenzepin,Both,TRUE,TRUE
dichloroacetic_acid,NCT04809974,TRUE,FALSE
diclofenac,NCT04880161,FALSE,TRUE
diclofenamide,Both,TRUE,TRUE
dicyclomine,NCT04809974,TRUE,FALSE
dienestrol,NCT04809974,TRUE,FALSE
diethylcarbamazine,Both,TRUE,TRUE
diethylpropion,Both,TRUE,TRUE
diflunisal,Both,TRUE,TRUE
digitoxin,Both,TRUE,TRUE
dihydroergocristine,NCT04880161,FALSE,TRUE
dihydroergotamine,Both,TRUE,TRUE
dihydrostreptomycin,NCT04809974,TRUE,FALSE
diltiazem,Both,TRUE,TRUE
dimethyl_fumarate,NCT04880161,FALSE,TRUE
dimethyl_sulfoxide,NCT04880161,FALSE,TRUE
dinoprostone,NCT04880161,FALSE,TRUE
dipyridamole,Both,TRUE,TRUE
disopyramide,NCT04809974,TRUE,FALSE
docetaxel,NCT04880161,FALSE,TRUE
dofetilide,NCT04880161,FALSE,TRUE
dolasetron,NCT04809974,TRUE,FALSE
donepezil,Both,TRUE,TRUE
doripenem,NCT04809974,TRUE,FALSE
dosulepin,NCT04809974,TRUE,FALSE
doxapram,NCT04809974,TRUE,FALSE
doxorubicin,Both,TRUE,TRUE
doxycycline,NCT04809974,TRUE,FALSE
dronedarone,Both,TRUE,TRUE
duloxetine,NCT04809974,TRUE,FALSE
duvelisib,Both,TRUE,TRUE
dyclonine,NCT04809974,TRUE,FALSE
dyphylline,Both,TRUE,TRUE
econazole,Both,TRUE,TRUE
edaravone,Both,TRUE,TRUE
edrophonium,NCT04809974,TRUE,FALSE
efavirenz,NCT04809974,TRUE,FALSE
eliglustat,Both,TRUE,TRUE
empagliflozin,Both,TRUE,TRUE
emtricitabine,NCT04809974,TRUE,FALSE
enalapril,Both,TRUE,TRUE
enasidenib,Both,TRUE,TRUE
encorafenib,Both,TRUE,TRUE
enoxacin,Both,TRUE,TRUE
enoximone,NCT04809974,TRUE,FALSE
entecavir,NCT04809974,TRUE,FALSE
entrectinib,Both,TRUE,TRUE
enzalutamide,Both,TRUE,TRUE
epalrestat,Both,TRUE,TRUE
epirubicin,Both,TRUE,TRUE
eplerenone,NCT04809974,TRUE,FALSE
eptifibatide,NCT04880161,FALSE,TRUE
erdafitinib,Both,TRUE,TRUE
ergocalciferol,Both,TRUE,TRUE
ergometrine,Both,TRUE,TRUE
ergotamine,Both,TRUE,TRUE
erlotinib,Both,TRUE,TRUE
ertapenem,NCT04880161,FALSE,TRUE
erythromycin,Both,TRUE,TRUE
esketamine,Both,TRUE,TRUE
esmolol,NCT04809974,TRUE,FALSE
estradiol,NCT04880161,FALSE,TRUE
estradiol_acetate,NCT04809974,TRUE,FALSE
estradiol_benzoate,NCT04809974,TRUE,FALSE
estradiol_cypionate,NCT04809974,TRUE,FALSE
estradiol_valerate,NCT04809974,TRUE,FALSE
etacrynic_acid,NCT04809974,TRUE,FALSE
ethambutol,Both,TRUE,TRUE
ethanol,Both,TRUE,TRUE
ethinamate,NCT04880161,FALSE,TRUE
ethionamide,Both,TRUE,TRUE
ethosuximide,Both,TRUE,TRUE
ethotoin,NCT04809974,TRUE,FALSE
ethyl_chloride,NCT04809974,TRUE,FALSE
ethylestrenol,NCT04809974,TRUE,FALSE
etidronic_acid,NCT04809974,TRUE,FALSE
etodolac,Both,TRUE,TRUE
etoposide,NCT04880161,FALSE,TRUE
etoricoxib,NCT04880161,FALSE,TRUE
etrasimod,Both,TRUE,TRUE
everolimus,Both,TRUE,TRUE
exemestane,NCT04880161,FALSE,TRUE
ezetimibe,NCT04880161,FALSE,TRUE
febuxostat,Both,TRUE,TRUE
fedratinib,Both,TRUE,TRUE
felbamate,NCT04880161,FALSE,TRUE
felbinac,NCT04880161,FALSE,TRUE
fenbufen,NCT04809974,TRUE,FALSE
fenfluramine,Both,TRUE,TRUE
fenofibrate,NCT04880161,FALSE,TRUE
fenofibric_acid,Both,TRUE,TRUE
fentanyl,NCT04809974,TRUE,FALSE
fenticonazole,Both,TRUE,TRUE
feprazone,Both,TRUE,TRUE
fesoterodine,Both,TRUE,TRUE
fidaxomicin,Both,TRUE,TRUE
filgotinib,Both,TRUE,TRUE
fipexide,Both,TRUE,TRUE
flavin_mononucleotid,NCT04880161,FALSE,TRUE
flavoxate,NCT04809974,TRUE,FALSE
flibanserin,Both,TRUE,TRUE
floxuridine,NCT04809974,TRUE,FALSE
flucloxacillin,Both,TRUE,TRUE
fluconazole,Both,TRUE,TRUE
flucytosine,Both,TRUE,TRUE
flufenamic_acid,NCT04809974,TRUE,FALSE
flumazenil,NCT04880161,FALSE,TRUE
flunarizine,Both,TRUE,TRUE
flunisolide,NCT04880161,FALSE,TRUE
fluorometholone,NCT04809974,TRUE,FALSE
fluorouracil,NCT04880161,FALSE,TRUE
fluphenazine,NCT04809974,TRUE,FALSE
flurandrenolide,NCT04809974,TRUE,FALSE
flurazepam,NCT04809974,TRUE,FALSE
flurbiprofen,Both,TRUE,TRUE
fluspirilene,Both,TRUE,TRUE
flutamide,NCT04880161,FALSE,TRUE
fluticasone_furoate,NCT04809974,TRUE,FALSE
fluticasone_propiona,Both,TRUE,TRUE
flutrimazole,Both,TRUE,TRUE
fluvastatin,NCT04880161,FALSE,TRUE
folic_acid,Both,TRUE,TRUE
fosfomycin,Both,TRUE,TRUE
fosinopril,NCT04809974,TRUE,FALSE
fostamatinib,Both,TRUE,TRUE
fructose,NCT04809974,TRUE,FALSE
fulvestrant,NCT04880161,FALSE,TRUE
furazolidone,NCT04809974,TRUE,FALSE
gabapentin,NCT04880161,FALSE,TRUE
galantamine,Both,TRUE,TRUE
gallamine,NCT04809974,TRUE,FALSE
gatifloxacin,Both,TRUE,TRUE
gefitinib,Both,TRUE,TRUE
gemcitabine,NCT04880161,FALSE,TRUE
gemfibrozil,Both,TRUE,TRUE
gemifloxacin,Both,TRUE,TRUE
gentian_violet_catio,Both,TRUE,TRUE
gilteritinib,Both,TRUE,TRUE
glibornuride,NCT04809974,TRUE,FALSE
gliclazide,Both,TRUE,TRUE
glimepiride,Both,TRUE,TRUE
glipizide,Both,TRUE,TRUE
gliquidone,NCT04880161,FALSE,TRUE
glucosamine,Both,TRUE,TRUE
glyburide,Both,TRUE,TRUE
glycerin,Both,TRUE,TRUE
glycine,NCT04880161,FALSE,TRUE
glymidine,NCT04809974,TRUE,FALSE
goserelin,NCT04880161,FALSE,TRUE
gramicidin_d,Both,TRUE,TRUE
granisetron,NCT04809974,TRUE,FALSE
grepafloxacin,Both,TRUE,TRUE
griseofulvin,Both,TRUE,TRUE
guaifenesin,Both,TRUE,TRUE
guanabenz,Both,TRUE,TRUE
guanethidine,NCT04880161,FALSE,TRUE
guanfacine,NCT04880161,FALSE,TRUE
guanosine_5__diphosp,NCT04880161,FALSE,TRUE
halcinonide,NCT04809974,TRUE,FALSE
halofantrine,Both,TRUE,TRUE
haloprogin,NCT04809974,TRUE,FALSE
hexachlorophene,Both,TRUE,TRUE
hexetidine,Both,TRUE,TRUE
homatropine_methylbr,NCT04809974,TRUE,FALSE
hydralazine,Both,TRUE,TRUE
hydrochlorothiazide,NCT04809974,TRUE,FALSE
hydroflumethiazide,NCT04809974,TRUE,FALSE
hydroxocobalamin,Both,TRUE,TRUE
hydroxychloroquine,NCT04809974,TRUE,FALSE
hydroxyurea,NCT04880161,FALSE,TRUE
hydroxyzine,Both,TRUE,TRUE
hyoscyamine,Both,TRUE,TRUE
ibandronate,NCT04809974,TRUE,FALSE
ibrutinib,Both,TRUE,TRUE
ibudilast,Both,TRUE,TRUE
ibuprofen,Both,TRUE,TRUE
ibutilide,NCT04880161,FALSE,TRUE
idarubicin,Both,TRUE,TRUE
idebenone,Both,TRUE,TRUE
idelalisib,Both,TRUE,TRUE
idoxuridine,NCT04809974,TRUE,FALSE
ifenprodil,NCT04809974,TRUE,FALSE
ifosfamide,NCT04880161,FALSE,TRUE
iloprost,NCT04880161,FALSE,TRUE
imatinib,NCT04809974,TRUE,FALSE
imidapril,Both,TRUE,TRUE
indacaterol,Both,TRUE,TRUE
indapamide,NCT04809974,TRUE,FALSE
indigotindisulfonic_,NCT04880161,FALSE,TRUE
indocyanine_green_ac,NCT04880161,FALSE,TRUE
indomethacin,NCT04880161,FALSE,TRUE
indoprofen,Both,TRUE,TRUE
infigratinib,Both,TRUE,TRUE
insulin_human,NCT04809974,TRUE,FALSE
iohexol,Both,TRUE,TRUE
iopanoic_acid,NCT04809974,TRUE,FALSE
ioxaglic_acid,Both,TRUE,TRUE
ipragliflozin,Both,TRUE,TRUE
ipratropium,Both,TRUE,TRUE
iprindole,Both,TRUE,TRUE
iproniazid,Both,TRUE,TRUE
irinotecan,Both,TRUE,TRUE
isocarboxazid,NCT04880161,FALSE,TRUE
isoconazole,NCT04880161,FALSE,TRUE
isoflurophate,Both,TRUE,TRUE
isometheptene,Both,TRUE,TRUE
isoniazid,Both,TRUE,TRUE
isosorbide_dinitrate,Both,TRUE,TRUE
isosorbide_mononitra,NCT04880161,FALSE,TRUE
isotretinoin,NCT04880161,FALSE,TRUE
isoxicam,Both,TRUE,TRUE
isoxsuprine,NCT04809974,TRUE,FALSE
isradipine,Both,TRUE,TRUE
istradefylline,NCT04809974,TRUE,FALSE
itraconazole,Both,TRUE,TRUE
ivabradine,NCT04880161,FALSE,TRUE
ivacaftor,Both,TRUE,TRUE
ivermectin,Both,TRUE,TRUE
ivosidenib,Both,TRUE,TRUE
ixazomib,Both,TRUE,TRUE
kanamycin,NCT04809974,TRUE,FALSE
kappadione,NCT04809974,TRUE,FALSE
ketanserin,NCT04880161,FALSE,TRUE
ketoconazole,Both,TRUE,TRUE
ketoprofen,NCT04880161,FALSE,TRUE
ketorolac,Both,TRUE,TRUE
lacidipine,NCT04809974,TRUE,FALSE
lactitol,NCT04809974,TRUE,FALSE
lactulose,NCT04809974,TRUE,FALSE
lamivudine,NCT04809974,TRUE,FALSE
lanatoside_c,NCT04809974,TRUE,FALSE
lapatinib,Both,TRUE,TRUE
laropiprant,Both,TRUE,TRUE
lasmiditan,Both,TRUE,TRUE
lasofoxifene,Both,TRUE,TRUE
latamoxef,Both,TRUE,TRUE
latanoprost,NCT04880161,FALSE,TRUE
ledipasvir,NCT04809974,TRUE,FALSE
leflunomide,Both,TRUE,TRUE
lenalidomide,Both,TRUE,TRUE
leniolisib,Both,TRUE,TRUE
lenvatinib,Both,TRUE,TRUE
letermovir,Both,TRUE,TRUE
letrozole,NCT04880161,FALSE,TRUE
leucovorin,Both,TRUE,TRUE
leuprolide,NCT04880161,FALSE,TRUE
levallorphan,NCT04809974,TRUE,FALSE
levamlodipine,NCT04809974,TRUE,FALSE
levetiracetam,Both,TRUE,TRUE
levobupivacaine,NCT04880161,FALSE,TRUE
levocarnitine,Both,TRUE,TRUE
levofloxacin,Both,TRUE,TRUE
levonorgestrel,Both,TRUE,TRUE
levorphanol,NCT04809974,TRUE,FALSE
levothyroxine,NCT04809974,TRUE,FALSE
lidocaine,Both,TRUE,TRUE
lidoflazine,Both,TRUE,TRUE
linagliptin,Both,TRUE,TRUE
lincomycin,Both,TRUE,TRUE
linezolid,Both,TRUE,TRUE
lisinopril,Both,TRUE,TRUE
lofepramine,Both,TRUE,TRUE
lofexidine,NCT04809974,TRUE,FALSE
lomefloxacin,Both,TRUE,TRUE
lomitapide,Both,TRUE,TRUE
lomustine,Both,TRUE,TRUE
loperamide,Both,TRUE,TRUE
loracarbef,Both,TRUE,TRUE
lorlatinib,Both,TRUE,TRUE
lormetazepam,NCT04880161,FALSE,TRUE
lornoxicam,NCT04880161,FALSE,TRUE
loteprednol_etabonat,NCT04880161,FALSE,TRUE
lovastatin,NCT04880161,FALSE,TRUE
loxapine,Both,TRUE,TRUE
lumacaftor,Both,TRUE,TRUE
lurasidone,NCT04880161,FALSE,TRUE
lusutrombopag,Both,TRUE,TRUE
lypressin,Both,TRUE,TRUE
lysergic_acid_diethy,NCT04809974,TRUE,FALSE
macimorelin,Both,TRUE,TRUE
macitentan,Both,TRUE,TRUE
malathion,Both,TRUE,TRUE
mannitol,NCT04809974,TRUE,FALSE
maraviroc,NCT04880161,FALSE,TRUE
masitinib,Both,TRUE,TRUE
mazindol,NCT04809974,TRUE,FALSE
mebendazole,Both,TRUE,TRUE
mebeverine,NCT04809974,TRUE,FALSE
mebhydrolin,Both,TRUE,TRUE
mecamylamine,NCT04809974,TRUE,FALSE
meclizine,Both,TRUE,TRUE
meclofenamic_acid,Both,TRUE,TRUE
medroxyprogesterone_,NCT04809974,TRUE,FALSE
mefenamic_acid,Both,TRUE,TRUE
mefruside,Both,TRUE,TRUE
megestrol_acetate,NCT04809974,TRUE,FALSE
meloxicam,NCT04880161,FALSE,TRUE
melphalan,NCT04880161,FALSE,TRUE
memantine,Both,TRUE,TRUE
menadione,NCT04880161,FALSE,TRUE
meperidine,Both,TRUE,TRUE
mepivacaine,Both,TRUE,TRUE
meptazinol,Both,TRUE,TRUE
mepyramine,Both,TRUE,TRUE
meropenem,NCT04809974,TRUE,FALSE
mesalazine,Both,TRUE,TRUE
mestranol,NCT04809974,TRUE,FALSE
metamizole,NCT04809974,TRUE,FALSE
metaxalone,Both,TRUE,TRUE
metformin,NCT04880161,FALSE,TRUE
methapyrilene,Both,TRUE,TRUE
methotrexate,NCT04809974,TRUE,FALSE
methotrimeprazine,NCT04809974,TRUE,FALSE
methscopolamine_brom,NCT04809974,TRUE,FALSE
methsuximide,Both,TRUE,TRUE
methyclothiazide,NCT04809974,TRUE,FALSE
methyl_salicylate,Both,TRUE,TRUE
methyldopa,NCT04880161,FALSE,TRUE
methylene_blue,Both,TRUE,TRUE
methylergometrine,Both,TRUE,TRUE
methylprednisolone_a,NCT04809974,TRUE,FALSE
methylprednisolone_h,NCT04809974,TRUE,FALSE
methyprylon,Both,TRUE,TRUE
methysergide,Both,TRUE,TRUE
meticillin,NCT04880161,FALSE,TRUE
metildigoxin,NCT04809974,TRUE,FALSE
metoclopramide,NCT04809974,TRUE,FALSE
metolazone,Both,TRUE,TRUE
metronidazole,Both,TRUE,TRUE
metyrosine,NCT04880161,FALSE,TRUE
mexiletine,NCT04809974,TRUE,FALSE
mibefradil,Both,TRUE,TRUE
micafungin,NCT04880161,FALSE,TRUE
miconazole,Both,TRUE,TRUE
midostaurin,Both,TRUE,TRUE
migalastat,Both,TRUE,TRUE
miglitol,Both,TRUE,TRUE
miglustat,NCT04809974,TRUE,FALSE
milnacipran,NCT04809974,TRUE,FALSE
milrinone,NCT04880161,FALSE,TRUE
miltefosine,Both,TRUE,TRUE
minaprine,NCT04880161,FALSE,TRUE
minoxidil,NCT04880161,FALSE,TRUE
mirabegron,Both,TRUE,TRUE
misoprostol,Both,TRUE,TRUE
mitomycin,NCT04880161,FALSE,TRUE
mitoxantrone,NCT04880161,FALSE,TRUE
mizolastine,Both,TRUE,TRUE
modafinil,NCT04880161,FALSE,TRUE
moexipril,NCT04809974,TRUE,FALSE
molsidomine,Both,TRUE,TRUE
momelotinib,Both,TRUE,TRUE
mometasone_furoate,NCT04809974,TRUE,FALSE
moricizine,NCT04880161,FALSE,TRUE
moxidectin,NCT04809974,TRUE,FALSE
moxifloxacin,Both,TRUE,TRUE
moxisylyte,NCT04809974,TRUE,FALSE
mupirocin,Both,TRUE,TRUE
muzolimine,Both,TRUE,TRUE
nabumetone,Both,TRUE,TRUE
nafcillin,Both,TRUE,TRUE
naftifine,Both,TRUE,TRUE
nalfurafine,NCT04809974,TRUE,FALSE
nalidixic_acid,NCT04880161,FALSE,TRUE
nalmefene,NCT04809974,TRUE,FALSE
naloxone,NCT04809974,TRUE,FALSE
naltrexone,NCT04809974,TRUE,FALSE
naproxen,Both,TRUE,TRUE
nateglinide,Both,TRUE,TRUE
nedocromil,NCT04809974,TRUE,FALSE
nefazodone,Both,TRUE,TRUE
nefopam,NCT04809974,TRUE,FALSE
nelfinavir,NCT04880161,FALSE,TRUE
neostigmine,Both,TRUE,TRUE
neratinib,Both,TRUE,TRUE
netilmicin,Both,TRUE,TRUE
niacin,NCT04880161,FALSE,TRUE
nialamide,NCT04880161,FALSE,TRUE
nicardipine,Both,TRUE,TRUE
niclosamide,NCT04809974,TRUE,FALSE
nicorandil,Both,TRUE,TRUE
nicotinamide,Both,TRUE,TRUE
nicotine,Both,TRUE,TRUE
nifedipine,Both,TRUE,TRUE
nifurtimox,Both,TRUE,TRUE
nikethamide,Both,TRUE,TRUE
nilotinib,Both,TRUE,TRUE
nilutamide,Both,TRUE,TRUE
nimesulide,NCT04880161,FALSE,TRUE
nimodipine,Both,TRUE,TRUE
nimorazole,Both,TRUE,TRUE
nintedanib,Both,TRUE,TRUE
niraparib,Both,TRUE,TRUE
nisoldipine,Both,TRUE,TRUE
nitazoxanide,NCT04809974,TRUE,FALSE
nitrendipine,NCT04809974,TRUE,FALSE
nizatidine,NCT04809974,TRUE,FALSE
norethindrone_enanth,Both,TRUE,TRUE
norethynodrel,NCT04809974,TRUE,FALSE
norfloxacin,Both,TRUE,TRUE
norgestimate,NCT04809974,TRUE,FALSE
norgestrel,NCT04880161,FALSE,TRUE
novobiocin,Both,TRUE,TRUE
nystatin,NCT04809974,TRUE,FALSE
obeticholic_acid,NCT04809974,TRUE,FALSE
ofloxacin,Both,TRUE,TRUE
olaparib,Both,TRUE,TRUE
olmutinib,Both,TRUE,TRUE
olodaterol,Both,TRUE,TRUE
olsalazine,Both,TRUE,TRUE
omacetaxine_mepesucc,Both,TRUE,TRUE
omadacycline,Both,TRUE,TRUE
ondansetron,NCT04809974,TRUE,FALSE
orciprenaline,NCT04880161,FALSE,TRUE
ornidazole,Both,TRUE,TRUE
orphenadrine,Both,TRUE,TRUE
oseltamivir,NCT04880161,FALSE,TRUE
osilodrostat,Both,TRUE,TRUE
osimertinib,Both,TRUE,TRUE
ouabain,NCT04809974,TRUE,FALSE
oxacillin,Both,TRUE,TRUE
oxaliplatin,NCT04880161,FALSE,TRUE
oxamniquine,NCT04880161,FALSE,TRUE
oxaprozin,Both,TRUE,TRUE
oxatomide,Both,TRUE,TRUE
oxazepam,NCT04809974,TRUE,FALSE
oxcarbazepine,NCT04880161,FALSE,TRUE
oxitropium,NCT04880161,FALSE,TRUE
oxybenzone,Both,TRUE,TRUE
oxybuprocaine,Both,TRUE,TRUE
oxybutynin,Both,TRUE,TRUE
oxymetazoline,Both,TRUE,TRUE
oxypertine,Both,TRUE,TRUE
oxyphenisatin,Both,TRUE,TRUE
oxytetracycline,NCT04809974,TRUE,FALSE
oxytocin,NCT04880161,FALSE,TRUE
ozanimod,Both,TRUE,TRUE
paclitaxel,Both,TRUE,TRUE
pacritinib,Both,TRUE,TRUE
palbociclib,Both,TRUE,TRUE
paliperidone,NCT04809974,TRUE,FALSE
palonosetron,Both,TRUE,TRUE
papaverine,Both,TRUE,TRUE
pargyline,Both,TRUE,TRUE
paromomycin,NCT04880161,FALSE,TRUE
pasireotide,Both,TRUE,TRUE
pazopanib,Both,TRUE,TRUE
pefloxacin,NCT04809974,TRUE,FALSE
pemigatinib,Both,TRUE,TRUE
pemirolast,NCT04880161,FALSE,TRUE
pemoline,NCT04809974,TRUE,FALSE
penciclovir,Both,TRUE,TRUE
penfluridol,Both,TRUE,TRUE
pentagastrin,NCT04880161,FALSE,TRUE
pentamidine,NCT04809974,TRUE,FALSE
pentobarbital,NCT04880161,FALSE,TRUE
pentostatin,NCT04809974,TRUE,FALSE
perampanel,Both,TRUE,TRUE
perazine,Both,TRUE,TRUE
perhexiline,Both,TRUE,TRUE
perindopril,Both,TRUE,TRUE
permethrin,Both,TRUE,TRUE
perphenazine_enantha,Both,TRUE,TRUE
pexidartinib,Both,TRUE,TRUE
phenacemide,NCT04809974,TRUE,FALSE
phenacetin,Both,TRUE,TRUE
phenazopyridine,Both,TRUE,TRUE
phenethyl_isothiocya,Both,TRUE,TRUE
phenformin,NCT04809974,TRUE,FALSE
phenindamine,NCT04880161,FALSE,TRUE
phenindione,NCT04880161,FALSE,TRUE
phenmetrazine,NCT04880161,FALSE,TRUE
phenobarbital,NCT04809974,TRUE,FALSE
phenol,Both,TRUE,TRUE
phensuximide,Both,TRUE,TRUE
phentermine,NCT04809974,TRUE,FALSE
phentolamine,Both,TRUE,TRUE
phenyl_aminosalicyla,Both,TRUE,TRUE
phenytoin,Both,TRUE,TRUE
phthalylsulfathiazol,NCT04880161,FALSE,TRUE
phylloquinone,NCT04880161,FALSE,TRUE
physostigmine,Both,TRUE,TRUE
picotamide,Both,TRUE,TRUE
pilocarpine,NCT04809974,TRUE,FALSE
pimavanserin,NCT04880161,FALSE,TRUE
pimecrolimus,NCT04880161,FALSE,TRUE
pimozide,NCT04809974,TRUE,FALSE
pinacidil,Both,TRUE,TRUE
pioglitazone,Both,TRUE,TRUE
piperacillin,NCT04809974,TRUE,FALSE
piperazine,NCT04880161,FALSE,TRUE
piracetam,Both,TRUE,TRUE
piretanide,NCT04880161,FALSE,TRUE
pirfenidone,Both,TRUE,TRUE
piribedil,NCT04880161,FALSE,TRUE
piroxicam,Both,TRUE,TRUE
pirprofen,Both,TRUE,TRUE
pitavastatin,NCT04880161,FALSE,TRUE
pivampicillin,NCT04809974,TRUE,FALSE
plerixafor,NCT04880161,FALSE,TRUE
polyethylene_glycol,NCT04809974,TRUE,FALSE
polyvinyl_alcohol,Both,TRUE,TRUE
pomalidomide,Both,TRUE,TRUE
ponatinib,Both,TRUE,TRUE
posaconazole,Both,TRUE,TRUE
povidone,Both,TRUE,TRUE
pramipexole,NCT04880161,FALSE,TRUE
pramocaine,Both,TRUE,TRUE
prasugrel,NCT04880161,FALSE,TRUE
pravastatin,NCT04809974,TRUE,FALSE
praziquantel,NCT04809974,TRUE,FALSE
prazosin,Both,TRUE,TRUE
prednicarbate,NCT04809974,TRUE,FALSE
prednisolone,NCT04809974,TRUE,FALSE
prednisolone_acetate,NCT04809974,TRUE,FALSE
pregabalin,NCT04809974,TRUE,FALSE
prenylamine,Both,TRUE,TRUE
prilocaine,Both,TRUE,TRUE
probucol,Both,TRUE,TRUE
procainamide,Both,TRUE,TRUE
procarbazine,NCT04880161,FALSE,TRUE
prochlorperazine,NCT04809974,TRUE,FALSE
profenamine,NCT04809974,TRUE,FALSE
proflavine,NCT04880161,FALSE,TRUE
progesterone,Both,TRUE,TRUE
proglumide,Both,TRUE,TRUE
proguanil,NCT04809974,TRUE,FALSE
promazine,NCT04809974,TRUE,FALSE
promethazine,NCT04809974,TRUE,FALSE
propantheline,Both,TRUE,TRUE
proparacaine,Both,TRUE,TRUE
propofol,NCT04880161,FALSE,TRUE
proscillaridin,NCT04809974,TRUE,FALSE
protirelin,NCT04880161,FALSE,TRUE
proxyphylline,Both,TRUE,TRUE
prucalopride,NCT04809974,TRUE,FALSE
pseudoephedrine,NCT04809974,TRUE,FALSE
pyrantel,Both,TRUE,TRUE
pyrazinamide,Both,TRUE,TRUE
pyridoxine,Both,TRUE,TRUE
pyrimethamine,Both,TRUE,TRUE
pyrithione,NCT04809974,TRUE,FALSE
pyrvinium,Both,TRUE,TRUE
quercetin,NCT04880161,FALSE,TRUE
quinacrine,NCT04809974,TRUE,FALSE
quinapril,NCT04809974,TRUE,FALSE
quinethazone,Both,TRUE,TRUE
quizartinib,Both,TRUE,TRUE
racecadotril,NCT04809974,TRUE,FALSE
raloxifene,Both,TRUE,TRUE
raltegravir,NCT04880161,FALSE,TRUE
ramatroban,Both,TRUE,TRUE
ramelteon,NCT04880161,FALSE,TRUE
ranitidine,NCT04809974,TRUE,FALSE
ranolazine,Both,TRUE,TRUE
regadenoson,Both,TRUE,TRUE
regorafenib,Both,TRUE,TRUE
remoxipride,NCT04880161,FALSE,TRUE
repaglinide,Both,TRUE,TRUE
rescinnamine,Both,TRUE,TRUE
reserpine,NCT04809974,TRUE,FALSE
result_trial_data_nct04809974,NCT04809974,TRUE,FALSE
resveratrol,Both,TRUE,TRUE
revefenacin,NCT04809974,TRUE,FALSE
ribavirin,NCT04809974,TRUE,FALSE
ribociclib,Both,TRUE,TRUE
riboflavin,Both,TRUE,TRUE
rifabutin,Both,TRUE,TRUE
rifampicin,NCT04809974,TRUE,FALSE
rifapentine,Both,TRUE,TRUE
rilmenidine,Both,TRUE,TRUE
riluzole,NCT04880161,FALSE,TRUE
riociguat,Both,TRUE,TRUE
risedronic_acid,NCT04809974,TRUE,FALSE
ritonavir,Both,TRUE,TRUE
rivaroxaban,NCT04880161,FALSE,TRUE
rizatriptan,NCT04880161,FALSE,TRUE
rocuronium,Both,TRUE,TRUE
rofecoxib,Both,TRUE,TRUE
roflumilast,Both,TRUE,TRUE
rolapitant,Both,TRUE,TRUE
romidepsin,Both,TRUE,TRUE
ropinirole,Both,TRUE,TRUE
ropivacaine,NCT04880161,FALSE,TRUE
rosiglitazone,Both,TRUE,TRUE
rosuvastatin,NCT04880161,FALSE,TRUE
rotigotine,Both,TRUE,TRUE
roxadustat,Both,TRUE,TRUE
roxithromycin,Both,TRUE,TRUE
ruboxistaurin,Both,TRUE,TRUE
rucaparib,Both,TRUE,TRUE
rufinamide,Both,TRUE,TRUE
ruxolitinib,Both,TRUE,TRUE
salbutamol,Both,TRUE,TRUE
salicylic_acid,Both,TRUE,TRUE
salmeterol,Both,TRUE,TRUE
salsalate,Both,TRUE,TRUE
saquinavir,Both,TRUE,TRUE
saxagliptin,NCT04809974,TRUE,FALSE
scopolamine,Both,TRUE,TRUE
secnidazole,Both,TRUE,TRUE
selegiline,Both,TRUE,TRUE
selexipag,Both,TRUE,TRUE
selinexor,Both,TRUE,TRUE
selumetinib,Both,TRUE,TRUE
seratrodast,Both,TRUE,TRUE
sertaconazole,NCT04880161,FALSE,TRUE
sertindole,Both,TRUE,TRUE
sibutramine,NCT04809974,TRUE,FALSE
silodosin,NCT04809974,TRUE,FALSE
simvastatin,NCT04880161,FALSE,TRUE
sirolimus,Both,TRUE,TRUE
sitagliptin,Both,TRUE,TRUE
sitaxentan,Both,TRUE,TRUE
sofosbuvir,NCT04809974,TRUE,FALSE
sonidegib,Both,TRUE,TRUE
sorafenib,Both,TRUE,TRUE
sparfloxacin,Both,TRUE,TRUE
sparteine,NCT04809974,TRUE,FALSE
spectinomycin,NCT04809974,TRUE,FALSE
spirapril,NCT04809974,TRUE,FALSE
spironolactone,NCT04809974,TRUE,FALSE
stannous_fluoride,Both,TRUE,TRUE
staurosporine,Both,TRUE,TRUE
stavudine,NCT04880161,FALSE,TRUE
streptomycin,Both,TRUE,TRUE
streptozocin,Both,TRUE,TRUE
succimer,NCT04809974,TRUE,FALSE
sulconazole,NCT04880161,FALSE,TRUE
sulfabenzamide,NCT04809974,TRUE,FALSE
sulfacetamide,Both,TRUE,TRUE
sulfadiazine,NCT04809974,TRUE,FALSE
sulfadoxine,NCT04880161,FALSE,TRUE
sulfaguanidine,Both,TRUE,TRUE
sulfamethazine,NCT04809974,TRUE,FALSE
sulfamethoxazole,Both,TRUE,TRUE
sulfamethoxypyridazi,Both,TRUE,TRUE
sulfametopyrazine,NCT04809974,TRUE,FALSE
sulfanilamide,NCT04809974,TRUE,FALSE
sulfaphenazole,NCT04809974,TRUE,FALSE
sulfapyridine,Both,TRUE,TRUE
sulfasalazine,Both,TRUE,TRUE
sulfathiourea,Both,TRUE,TRUE
suloctidil,Both,TRUE,TRUE
sultamicillin,Both,TRUE,TRUE
sulthiame,Both,TRUE,TRUE
sunitinib,Both,TRUE,TRUE
suprofen,NCT04809974,TRUE,FALSE
suvorexant,Both,TRUE,TRUE
tacrine,Both,TRUE,TRUE
tadalafil,Both,TRUE,TRUE
tafamidis,Both,TRUE,TRUE
tafenoquine,Both,TRUE,TRUE
talampicillin,Both,TRUE,TRUE
tamibarotene,Both,TRUE,TRUE
tamoxifen,NCT04880161,FALSE,TRUE
tavaborole,Both,TRUE,TRUE
tazarotene,Both,TRUE,TRUE
tazemetostat,Both,TRUE,TRUE
telaprevir,Both,TRUE,TRUE
telithromycin,NCT04809974,TRUE,FALSE
telmisartan,Both,TRUE,TRUE
telotristat,Both,TRUE,TRUE
telotristat_ethyl,Both,TRUE,TRUE
temafloxacin,Both,TRUE,TRUE
temazepam,Both,TRUE,TRUE
temozolomide,Both,TRUE,TRUE
temsirolimus,Both,TRUE,TRUE
teneligliptin,Both,TRUE,TRUE
tepotinib,Both,TRUE,TRUE
terazosin,Both,TRUE,TRUE
terbinafine,NCT04809974,TRUE,FALSE
terbutaline,NCT04880161,FALSE,TRUE
terconazole,Both,TRUE,TRUE
terfenadine,Both,TRUE,TRUE
terguride,Both,TRUE,TRUE
teriflunomide,NCT04880161,FALSE,TRUE
terodiline,Both,TRUE,TRUE
testolactone,NCT04809974,TRUE,FALSE
testosterone,NCT04880161,FALSE,TRUE
tetrabenazine,NCT04809974,TRUE,FALSE
tetrabromo_2_benzotr,Both,TRUE,TRUE
tetracaine,NCT04880161,FALSE,TRUE
tetracycline,NCT04880161,FALSE,TRUE
tetryzoline,Both,TRUE,TRUE
tezacaftor,Both,TRUE,TRUE
thalidomide,NCT04880161,FALSE,TRUE
thenalidine,Both,TRUE,TRUE
theophylline,NCT04809974,TRUE,FALSE
thiabendazole,NCT04880161,FALSE,TRUE
thiamine,Both,TRUE,TRUE
thiethylperazine,Both,TRUE,TRUE
thioridazine,NCT04809974,TRUE,FALSE
thymol,Both,TRUE,TRUE
tiagabine,NCT04809974,TRUE,FALSE
tiaprofenic_acid,Both,TRUE,TRUE
tibolone,NCT04880161,FALSE,TRUE
ticagrelor,NCT04880161,FALSE,TRUE
ticlopidine,NCT04880161,FALSE,TRUE
tienilic_acid,NCT04809974,TRUE,FALSE
tigecycline,NCT04880161,FALSE,TRUE
tinidazole,Both,TRUE,TRUE
tioconazole,Both,TRUE,TRUE
tiopronin,NCT04809974,TRUE,FALSE
tipiracil,Both,TRUE,TRUE
tipranavir,Both,TRUE,TRUE
tirbanibulin,Both,TRUE,TRUE
tirofiban,Both,TRUE,TRUE
tivozanib,Both,TRUE,TRUE
tobramycin,Both,TRUE,TRUE
tocofersolan,NCT04809974,TRUE,FALSE
tofacitinib,Both,TRUE,TRUE
tolazamide,NCT04809974,TRUE,FALSE
tolazoline,NCT04880161,FALSE,TRUE
tolbutamide,Both,TRUE,TRUE
tolcapone,Both,TRUE,TRUE
tolfenamic_acid,NCT04880161,FALSE,TRUE
tolmetin,Both,TRUE,TRUE
tolnaftate,NCT04809974,TRUE,FALSE
tolrestat,Both,TRUE,TRUE
tolterodine,Both,TRUE,TRUE
tolvaptan,Both,TRUE,TRUE
topiramate,NCT04809974,TRUE,FALSE
topotecan,Both,TRUE,TRUE
tramadol,Both,TRUE,TRUE
trametinib,Both,TRUE,TRUE
tranexamic_acid,NCT04880161,FALSE,TRUE
tretinoin,NCT04880161,FALSE,TRUE
triazolam,Both,TRUE,TRUE
trichlormethiazide,NCT04809974,TRUE,FALSE
triclabendazole,Both,TRUE,TRUE
triclocarban,NCT04880161,FALSE,TRUE
triclosan,Both,TRUE,TRUE
triethylenetetramine,NCT04809974,TRUE,FALSE
triflupromazine,Both,TRUE,TRUE
trifluridine,Both,TRUE,TRUE
trilaciclib,Both,TRUE,TRUE
trimetazidine,Both,TRUE,TRUE
trimethadione,NCT04809974,TRUE,FALSE
trimethobenzamide,Both,TRUE,TRUE
trimethoprim,Both,TRUE,TRUE
trioxsalen,NCT04809974,TRUE,FALSE
tripelennamine,NCT04880161,FALSE,TRUE
triprolidine,NCT04880161,FALSE,TRUE
triptorelin,NCT04880161,FALSE,TRUE
troglitazone,NCT04880161,FALSE,TRUE
troleandomycin,NCT04880161,FALSE,TRUE
tromethamine,Both,TRUE,TRUE
trospium,Both,TRUE,TRUE
trovafloxacin,Both,TRUE,TRUE
tucatinib,Both,TRUE,TRUE
tyrosine,NCT04880161,FALSE,TRUE
upadacitinib,Both,TRUE,TRUE
uridine_triacetate,Both,TRUE,TRUE
valaciclovir,NCT04809974,TRUE,FALSE
valdecoxib,NCT04809974,TRUE,FALSE
valganciclovir,Both,TRUE,TRUE
valproic_acid,NCT04880161,FALSE,TRUE
valsartan,Both,TRUE,TRUE
vancomycin,Both,TRUE,TRUE
vandetanib,Both,TRUE,TRUE
vardenafil,Both,TRUE,TRUE
varenicline,Both,TRUE,TRUE
vecuronium,NCT04880161,FALSE,TRUE
vemurafenib,Both,TRUE,TRUE
venetoclax,Both,TRUE,TRUE
veralipride,Both,TRUE,TRUE
verapamil,Both,TRUE,TRUE
vernakalant,NCT04880161,FALSE,TRUE
vigabatrin,NCT04880161,FALSE,TRUE
vilanterol,NCT04809974,TRUE,FALSE
vilazodone,Both,TRUE,TRUE
vinblastine,NCT04880161,FALSE,TRUE
vincristine,NCT04880161,FALSE,TRUE
vinorelbine,NCT04880161,FALSE,TRUE
vismodegib,Both,TRUE,TRUE
vitamin_a,NCT04880161,FALSE,TRUE
voglibose,Both,TRUE,TRUE
vorapaxar,Both,TRUE,TRUE
voriconazole,NCT04880161,FALSE,TRUE
vorinostat,Both,TRUE,TRUE
vortioxetine,NCT04880161,FALSE,TRUE
warfarin,NCT04880161,FALSE,TRUE
xamoterol,NCT04880161,FALSE,TRUE
xanomeline,NCT04809974,TRUE,FALSE
ximelagatran,NCT04809974,TRUE,FALSE
xipamide,Both,TRUE,TRUE
zalcitabine,NCT04809974,TRUE,FALSE
zaleplon,Both,TRUE,TRUE
zanubrutinib,Both,TRUE,TRUE
zidovudine,Both,TRUE,TRUE
zimelidine,Both,TRUE,TRUE
zinc,NCT04880161,FALSE,TRUE
zolpidem,Both,TRUE,TRUE
zonisamide,NCT04809974,TRUE,FALSE
zopiclone,Both,TRUE,TRUE
